Workbook

Sheet July-25
A1: Date | B1: Morning | C1: Noon | D1: Morning Consumption | E1: Evening | F1: Night | G1: Evening Consumption | H1: Total | I1: Commulative
A2: 01/07/2025 | B2: 193300 | C2: 193300 | D2: =(C2-B2)*1000 -> 0 | E2: =C2 -> 193300 | F2: 193300 | G2: =(F2-E2)*1000 -> 0 | H2: =SUM(G2,D2) -> 0 | I2: =SUM($H$2:H2) -> 0
A3: 02/07/2025 | B3: =F2 -> 193300 | C3: 193300 | D3: =(C3-B3)*1000 -> 0 | E3: =C3 -> 193300 | F3: 193300 | G3: =(F3-E3)*1000 -> 0 | H3: =SUM(G3,D3) -> 0 | I3: =SUM($H$2:H3) -> 0
A4: 03/07/2025 | B4: =F3 -> 193300 | C4: 193535 | D4: =(C4-B4)*1000 -> 235000 | E4: =C4 -> 193535 | F4: 193535 | G4: =(F4-E4)*1000 -> 0 | H4: =SUM(G4,D4) -> 235000 | I4: =SUM($H$2:H4) -> 235000
A5: 04/07/2025 | B5: =F4 -> 193535 | C5: 193535 | D5: =(C5-B5)*1000 -> 0 | E5: =C5 -> 193535 | F5: 193535 | G5: =(F5-E5)*1000 -> 0 | H5: =SUM(G5,D5) -> 0 | I5: =SUM($H$2:H5) -> 235000
A6: 05/07/2025 | B6: =F5 -> 193535 | C6: 193535 | D6: =(C6-B6)*1000 -> 0 | E6: =C6 -> 193535 | F6: 193535 | G6: =(F6-E6)*1000 -> 0 | H6: =SUM(G6,D6) -> 0 | I6: =SUM($H$2:H6) -> 235000
A7: 06/07/2025 | B7: =F6 -> 193535 | C7: 193535 | D7: =(C7-B7)*1000 -> 0 | E7: =C7 -> 193535 | F7: 193535 | G7: =(F7-E7)*1000 -> 0 | H7: =SUM(G7,D7) -> 0 | I7: =SUM($H$2:H7) -> 235000
A8: 07/07/2025 | B8: =F7 -> 193535 | C8: 193535 | D8: =(C8-B8)*1000 -> 0 | E8: =C8 -> 193535 | F8: 193535 | G8: =(F8-E8)*1000 -> 0 | H8: =SUM(G8,D8) -> 0 | I8: =SUM($H$2:H8) -> 235000
A9: 08/07/2025 | B9: =F8 -> 193535 | C9: 193535 | D9: =(C9-B9)*1000 -> 0 | E9: =C9 -> 193535 | F9: 193535 | G9: =(F9-E9)*1000 -> 0 | H9: =SUM(G9,D9) -> 0 | I9: =SUM($H$2:H9) -> 235000
A10: 09/07/2025 | B10: =F9 -> 193535 | C10: 193535 | D10: =(C10-B10)*1000 -> 0 | E10: =C10 -> 193535 | F10: 193535 | G10: =(F10-E10)*1000 -> 0 | H10: =SUM(G10,D10) -> 0 | I10: =SUM($H$2:H10) -> 235000
A11: 10/07/2025 | B11: =F10 -> 193535 | C11: 193535 | D11: =(C11-B11)*1000 -> 0 | E11: =C11 -> 193535 | F11: 193535 | G11: =(F11-E11)*1000 -> 0 | H11: =SUM(G11,D11) -> 0 | I11: =SUM($H$2:H11) -> 235000
A12: 11/07/2025 | B12: =F11 -> 193535 | C12: 193535 | D12: =(C12-B12)*1000 -> 0 | E12: =C12 -> 193535 | F12: 193535 | G12: =(F12-E12)*1000 -> 0 | H12: =SUM(G12,D12) -> 0 | I12: =SUM($H$2:H12) -> 235000
A13: 12/07/2025 | B13: =F12 -> 193535 | C13: 193535 | D13: =(C13-B13)*1000 -> 0 | E13: =C13 -> 193535 | F13: 193535 | G13: =(F13-E13)*1000 -> 0 | H13: =SUM(G13,D13) -> 0 | I13: =SUM($H$2:H13) -> 235000
A14: 13/07/2025 | B14: =F13 -> 193535 | C14: 193535 | D14: =(C14-B14)*1000 -> 0 | E14: =C14 -> 193535 | F14: 193535 | G14: =(F14-E14)*1000 -> 0 | H14: =SUM(G14,D14) -> 0 | I14: =SUM($H$2:H14) -> 235000
... A32: 31/07/2025 | B32: =F31 -> 194342 | C32: 194342 | D32: =(C32-B32)*1000 -> 0 | E32: =C32 -> 194342 | F32: 194342 | G32: =(F32-E32)*1000 -> 0 | H32: =SUM(G32,D32) -> 0 | I32: =SUM($H$2:H32) -> 1042000

Sheet Aug-25
A1: Date | B1: Morning | C1: Noon | D1: Morning Consumption | E1: Evening | F1: Night | G1: Evening Consumption | H1: Total | I1: Commulative
A2: 01/08/2025 | B2: ='July-25'!F32 -> 194342 | C2: 194342 | D2: =(C2-B2)*1000 -> 0 | E2: =C2 -> 194342 | F2: 194342 | G2: =(F2-E2)*1000 -> 0 | H2: =SUM(G2,D2) -> 0 | I2: =SUM($H$2:H2) -> 0
A3: 02/08/2025 | B3: =F2 -> 194342 | C3: 194342 | D3: =(C3-B3)*1000 -> 0 | E3: =C3 -> 194342 | F3: 194342 | G3: =(F3-E3)*1000 -> 0 | H3: =SUM(G3,D3) -> 0 | I3: =SUM($H$2:H3) -> 0
A4: 03/08/2025 | B4: =F3 -> 194342 | C4: 194342 | D4: =(C4-B4)*1000 -> 0 | E4: =C4 -> 194342 | F4: 194342 | G4: =(F4-E4)*1000 -> 0 | H4: =SUM(G4,D4) -> 0 | I4: =SUM($H$2:H4) -> 0
A5: 04/08/2025 | B5: =F4 -> 194342 | C5: 194342 | D5: =(C5-B5)*1000 -> 0 | E5: =C5 -> 194342 | F5: 194342 | G5: =(F5-E5)*1000 -> 0 | H5: =SUM(G5,D5) -> 0 | I5: =SUM($H$2:H5) -> 0
A6: 05/08/2025 | B6: =F5 -> 194342 | C6: 194342 | D6: =(C6-B6)*1000 -> 0 | E6: =C6 -> 194342 | F6: 194342 | G6: =(F6-E6)*1000 -> 0 | H6: =SUM(G6,D6) -> 0 | I6: =SUM($H$2:H6) -> 0
A7: 06/08/2025 | B7: =F6 -> 194342 | C7: 194637 | D7: =(C7-B7)*1000 -> 295000 | E7: =C7 -> 194637 | F7: 194637 | G7: =(F7-E7)*1000 -> 0 | H7: =SUM(G7,D7) -> 295000 | I7: =SUM($H$2:H7) -> 295000
A8: 07/08/2025 | B8: =F7 -> 194637 | C8: 195596 | D8: =(C8-B8)*1000 -> 959000 | E8: =C8 -> 195596 | F8: 195596 | G8: =(F8-E8)*1000 -> 0 | H8: =SUM(G8,D8) -> 959000 | I8: =SUM($H$2:H8) -> 1254000
A9: 08/08/2025 | B9: =F8 -> 195596 | C9: 195596 | D9: =(C9-B9)*1000 -> 0 | E9: =C9 -> 195596 | F9: 195596 | G9: =(F9-E9)*1000 -> 0 | H9: =SUM(G9,D9) -> 0 | I9: =SUM($H$2:H9) -> 1254000
A10: 09/08/2025 | B10: =F9 -> 195596 | C10: 195596 | D10: =(C10-B10)*1000 -> 0 | E10: =C10 -> 195596 | F10: 195596 | G10: =(F10-E10)*1000 -> 0 | H10: =SUM(G10,D10) -> 0 | I10: =SUM($H$2:H10) -> 1254000
A11: 10/08/2025 | B11: =F10 -> 195596 | C11: 195596 | D11: =(C11-B11)*1000 -> 0 | E11: =C11 -> 195596 | F11: 195596 | G11: =(F11-E11)*1000 -> 0 | H11: =SUM(G11,D11) -> 0 | I11: =SUM($H$2:H11) -> 1254000
A12: 11/08/2025 | B12: =F11 -> 195596 | C12: 195798 | D12: =(C12-B12)*1000 -> 202000 | E12: =C12 -> 195798 | F12: 195798 | G12: =(F12-E12)*1000 -> 0 | H12: =SUM(G12,D12) -> 202000 | I12: =SUM($H$2:H12) -> 1456000
A13: 12/08/2025 | B13: =F12 -> 195798 | C13: 195798 | D13: =(C13-B13)*1000 -> 0 | E13: =C13 -> 195798 | F13: 195798 | G13: =(F13-E13)*1000 -> 0 | H13: =SUM(G13,D13) -> 0 | I13: =SUM($H$2:H13) -> 1456000
A14: 13/08/2025 | B14: =F13 -> 195798 | C14: 195831 | D14: =(C14-B14)*1000 -> 33000 | E14: =C14 -> 195831 | F14: 195831 | G14: =(F14-E14)*1000 -> 0 | H14: =SUM(G14,D14) -> 33000 | I14: =SUM($H$2:H14) -> 1489000
... A32: 31/08/2025 | B32: =F31 -> 197433 | C32: 197433 | D32: =(C32-B32)*1000 -> 0 | E32: =C32 -> 197433 | F32: 197433 | G32: =(F32-E32)*1000 -> 0 | H32: =SUM(G32,D32) -> 0 | I32: =SUM($H$2:H32) -> 3091000

Sheet Sep-25
A1: Date | B1: Morning | C1: Noon | D1: Morning Consumption | E1: Evening | F1: Night
A2: 01/09/2025 | B2: ='Aug-25'!F32 -> 197433 | C2: 197446 | D2: =(C2-B2)*1000 -> 13000 | E2: =C2 -> 197446 | F2: 197446 | G2: =(F2-E2)*1000 -> 0 | H2: =SUM(G2,D2) -> 13000 | I2: =SUM($H$2:H2) -> 13000
A3: 02/09/2025 | B3: =F2 -> 197446 | C3: 197446 | D3: =(C3-B3)*1000 -> 0 | E3: =C3 -> 197446 | F3: 197446 | G3: =(F3-E3)*1000 -> 0 | H3: =SUM(G3,D3) -> 0 | I3: =SUM($H$2:H3) -> 13000
A4: 03/09/2025 | B4: =F3 -> 197446 | C4: 197461 | D4: =(C4-B4)*1000 -> 15000 | E4: =C4 -> 197461 | F4: 197461 | G4: =(F4-E4)*1000 -> 0 | H4: =SUM(G4,D4) -> 15000 | I4: =SUM($H$2:H4) -> 28000
A5: 04/09/2025 | B5: =F4 -> 197461 | C5: 197461 | D5: =(C5-B5)*1000 -> 0 | E5: =C5 -> 197461 | F5: 197461 | G5: =(F5-E5)*1000 -> 0 | H5: =SUM(G5,D5) -> 0 | I5: =SUM($H$2:H5) -> 28000
A6: 05/09/2025 | B6: =F5 -> 197461 | C6: 197461 | D6: =(C6-B6)*1000 -> 0 | E6: =C6 -> 197461 | F6: 197461 | G6: =(F6-E6)*1000 -> 0 | H6: =SUM(G6,D6) -> 0 | I6: =SUM($H$2:H6) -> 28000
A7: 06/09/2025 | B7: =F6 -> 197461 | C7: 197488 | D7: =(C7-B7)*1000 -> 27000 | E7: =C7 -> 197488 | F7: 197488 | G7: =(F7-E7)*1000 -> 0 | H7: =SUM(G7,D7) -> 27000 | I7: =SUM($H$2:H7) -> 55000
A8: 07/09/2025 | B8: =F7 -> 197488 | C8: 197501 | D8: =(C8-B8)*1000 -> 13000 | E8: =C8 -> 197501 | F8: 197501 | G8: =(F8-E8)*1000 -> 0 | H8: =SUM(G8,D8) -> 13000 | I8: =SUM($H$2:H8) -> 68000
A9: 08/09/2025 | B9: =F8 -> 197501 | C9: 197629 | D9: =(C9-B9)*1000 -> 128000 | E9: =C9 -> 197629 | F9: 197629 | G9: =(F9-E9)*1000 -> 0 | H9: =SUM(G9,D9) -> 128000 | I9: =SUM($H$2:H9) -> 196000
A10: 09/09/2025 | B10: =F9 -> 197629 | C10: 197723 | D10: =(C10-B10)*1000 -> 94000 | E10: =C10 -> 197723 | F10: 197723 | G10: =(F10-E10)*1000 -> 0 | H10: =SUM(G10,D10) -> 94000 | I10: =SUM($H$2:H10) -> 290000
A11: 10/09/2025 | B11: =F10 -> 197723 | C11: 198456 | D11: =(C11-B11)*1000 -> 733000 | E11: =C11 -> 198456 | F11: 198456 | G11: =(F11-E11)*1000 -> 0 | H11: =SUM(G11,D11) -> 733000 | I11: =SUM($H$2:H11) -> 1023000
A12: 11/09/2025 | B12: =F11 -> 198456 | C12: 198521 | D12: =(C12-B12)*1000 -> 65000 | E12: =C12 -> 198521 | F12: 200145 | G12: =(F12-E12)*1000 -> 1624000 | H12: =SUM(G12,D12) -> 1689000 | I12: =SUM($H$2:H12) -> 2712000
A13: 12/09/2025 | B13: =F12 -> 200145 | C13: 200300 | D13: =(C13-B13)*1000 -> 155000 | E13: =C13 -> 200300 | F13: 201884 | G13: =(F13-E13)*1000 -> 1584000 | H13: =SUM(G13,D13) -> 1739000 | I13: =SUM($H$2:H13) -> 4451000
A14: 13/09/2025 | B14: =F13 -> 201884 | C14: 202127 | D14: =(C14-B14)*1000 -> 243000 | E14: =C14 -> 202127 | F14: 204921 | G14: =(F14-E14)*1000 -> 2794000 | H14: =SUM(G14,D14) -> 3037000 | I14: =SUM($H$2:H14) -> 7488000
... A31: 30/09/2025 | B31: =F30 -> 222942 | C31: 222942 | D31: =(C31-B31)*1000 -> 0 | E31: =C31 -> 222942 | F31: 222942 | G31: =(F31-E31)*1000 -> 0 | H31: =SUM(G31,D31) -> 0 | I31: =SUM($H$2:H31) -> 25509000
D32: =(C32-B32)*1000 -> 0 | G32: =(F32-E32)*1000 -> 0 | H32: =SUM(G32,D32) -> 0 | I32: =SUM($H$2:H32) -> 25509000

Sheet Oct-25
A1: Date | B1: Morning | C1: Noon | D1: Evening | E1: Night
A2: 01/10/2025 | B2: ='Sep-25'!F31 -> 222942 | C2: 222942 | D2: =C2 -> 222942 | E2: 222942
A3: 02/10/2025 | B3: =E2 -> 222942 | C3: 223353 | D3: =C3 -> 223353 | E3: 223353
A4: 03/10/2025 | B4: =E3 -> 223353 | C4: 223389 | D4: =C4 -> 223389 | E4: 223454
A5: 04/10/2025 | B5: =E4 -> 223454 | C5: 223533 | D5: =C5 -> 223533 | E5: 223949
A6: 05/10/2025 | B6: =E5 -> 223949 | C6: 224054 | D6: =C6 -> 224054 | E6: 225478
A7: 06/10/2025 | B7: =E6 -> 225478 | C7: 225478 | D7: =C7 -> 225478 | E7: 225478
A8: 07/10/2025 | B8: =E7 -> 225478 | C8: 225478 | D8: =C8 -> 225478 | E8: 225478
A9: 08/10/2025 | B9: =E8 -> 225478 | C9: 225478 | D9: =C9 -> 225478 | E9: 225478
A10: 09/10/2025 | B10: =E9 -> 225478 | C10: 225478 | D10: =C10 -> 225478 | E10: 225478
A11: 10/10/2025 | B11: =E10 -> 225478 | C11: 225769 | D11: =C11 -> 225769 | E11: 225936
A12: 11/10/2025 | B12: =E11 -> 225936 | C12: 225952 | D12: =C12 -> 225952 | E12: 227487
A13: 12/10/2025 | B13: =E12 -> 227487 | C13: 227766 | D13: =C13 -> 227766 | E13: 229227
A14: 13/10/2025 | B14: =E13 -> 229227 | C14: 229269 | D14: =C14 -> 229269 | E14: 229630
... A32: 31/10/2025 | B32: =E31 -> 245623 | C32: 245623 | D32: =C32 -> 245623 | E32: 245623

Sheet Nov-25
A1: Date | B1: Morning | C1: Noon | D1: Evening | E1: Night
A2: 01/11/2025 | B2: ='Oct-25'!E32 -> 245623 | C2: 249521 | D2: =C2 -> 249521 | E2: 249604
A3: 02/11/2025 | B3: =E2 -> 249604 | C3: 249617 | D3: =C3 -> 249617 | E3: 250434
A4: 03/11/2025 | B4: =E3 -> 250434 | C4: 250448 | D4: =C4 -> 250448 | E4: 252061
A5: 04/11/2025 | B5: =E4 -> 252061 | C5: 252131 | D5: =C5 -> 252131 | E5: 252947
A6: 05/11/2025 | B6: =E5 -> 252947 | C6: 253041 | D6: =C6 -> 253041 | E6: 253375
A7: 06/11/2025 | B7: =E6 -> 253375 | C7: 253670 | D7: =C7 -> 253670 | E7: 254510
A8: 07/11/2025 | B8: =E7 -> 254510 | C8: 254568 | D8: =C8 -> 254568 | E8: 254861
A9: 08/11/2025 | B9: =E8 -> 254861 | C9: 254895 | D9: =C9 -> 254895 | E9: 256376
A10: 09/11/2025 | B10: =E9 -> 256376 | C10: 256404 | D10: =C10 -> 256404 | E10: 256737
A11: 10/11/2025 | B11: =E10 -> 256737 | C11: 256790 | D11: =C11 -> 256790 | E11: 256965
A12: 11/11/2025 | B12: =E11 -> 256965 | C12: 257106 | D12: =C12 -> 257106 | E12: 258686
A13: 12/11/2025 | B13: =E12 -> 258686 | C13: 258946 | D13: =C13 -> 258946 | E13: 258946
A14: 13/11/2025 | B14: =E13 -> 258946 | C14: 259223 | D14: =C14 -> 259223 | E14: 259353
... A31: 30/11/2025 | B31: =E30 -> 269924 | C31: 269924 | D31: =C31 -> 269924 | E31: 269924

Sheet Dec-25
A1: Date | B1: Morning | C1: Noon | D1: Evening | E1: Night
A2: 01/12/2025 | B2: ='Nov-25'!E31 -> 269924 | C2: 272352 | D2: =C2 -> 272352 | E2: 273432
A3: 02/12/2025 | B3: =E2 -> 273432 | C3: 273460 | D3: =C3 -> 273460 | E3: 273460
A4: 03/12/2025 | B4: =E3 -> 273460 | C4: 273587 | D4: =C4 -> 273587 | E4: 273587
A5: 04/12/2025 | B5: =E4 -> 273587 | C5: 274167 | D5: =C5 -> 274167 | E5: 275552
A6: 05/12/2025 | B6: =E5 -> 275552 | C6: 275967 | D6: =C6 -> 275967 | E6: 275967
A7: 06/12/2025 | B7: =E6 -> 275967 | C7: 276058 | D7: =C7 -> 276058 | E7: 277255
A8: 07/12/2025 | B8: =E7 -> 277255 | C8: 277291 | D8: =C8 -> 277291 | E8: 277291
A9: 08/12/2025 | B9: =E8 -> 277291 | C9: 277444 | D9: =C9 -> 277444 | E9: 279587
A10: 09/12/2025 | B10: =E9 -> 279587 | C10: 279789 | D10: =C10 -> 279789 | E10: 279789
A11: 10/12/2025 | B11: =E10 -> 279789 | C11: 279850 | D11: =C11 -> 279850 | E11: 280082
A12: 11/12/2025 | B12: =E11 -> 280082 | C12: 280468 | D12: =C12 -> 280468 | E12: 282436
A13: 12/12/2025 | B13: =E12 -> 282436 | C13: 282515 | D13: =C13 -> 282515 | E13: 283197
A14: 13/12/2025 | B14: =E13 -> 283197 | C14: 283238 | D14: =C14 -> 283238 | E14: 284030
... A32: 31/12/2025 | B32: =E31 -> 299061 | C32: 299326 | D32: =C32 -> 299326 | E32: 300418

Sheet Jan-26
A1: Date | B1: Morning | C1: Noon | D1: Evening | E1: Night
A2: 01/01/2026 | B2: ='Dec-25'!E32 -> 300418 | C2: 301442 | D2: =C2 -> 301442 | E2: 301442
A3: 02/01/2026 | B3: =E2 -> 301442 | C3: 301452 | D3: =C3 -> 301452 | E3: 302225
A4: 03/01/2026 | B4: =E3 -> 302225 | C4: 302751 | D4: =C4 -> 302751 | E4: 303035
A5: 04/01/2026 | B5: =E4 -> 303035 | C5: 303037 | D5: =C5 -> 303037 | E5: 303829
A6: 05/01/2026 | B6: =E5 -> 303829 | C6: 304497 | D6: =C6 -> 304497 | E6: 305254
A7: 06/01/2026 | B7: =E6 -> 305254 | C7: 306074 | D7: =C7 -> 306074 | E7: 306076
A8: 07/01/2026 | B8: =E7 -> 306076 | C8: 306608 | D8: =C8 -> 306608 | E8: 308060
A9: 08/01/2026 | B9: =E8 -> 308060 | C9: 308327 | D9: =C9 -> 308327 | E9: 309216
A10: 09/01/2026 | B10: =E9 -> 309216 | C10: 309532 | D10: =C10 -> 309532 | E10: 309532
A11: 10/01/2026 | B11: =E10 -> 309532 | C11: 309607 | D11: =C11 -> 309607 | E11: 310368
A12: 11/01/2026 | B12: =E11 -> 310368 | C12: 310406 | D12: =C12 -> 310406 | E12: 311142
A13: 12/01/2026 | B13: =E12 -> 311142 | C13: 311256 | D13: =C13 -> 311256 | E13: 312061
A14: 13/01/2026 | B14: =E13 -> 312061 | C14: 312113 | D14: =C14 -> 312113 | E14: 312907
... A28: 31/01/2026 | B28: =E27 -> 325688 | C28: 325707 | D28: =C28 -> 325707 | E28: 326758

Sheet Feb-26
A1: Date | B1: Morning | C1: Noon | D1: Evening | E1: Night
A2: 01/02/2026 | B2: ='Jan-26'!E28 -> 326758 | C2: 326758 | D2: =C2 -> 326758 | E2: 326758
A3: 02/02/2026 | B3: =E2 -> 326758 | C3: 326758 | D3: =C3 -> 326758 | E3: 326837
A4: 03/02/2026 | B4: =E3 -> 326837 | C4: 326914 | D4: =C4 -> 326914 | E4: 328092
A5: 04/02/2026 | B5: =E4 -> 328092 | C5: 328150 | D5: =C5 -> 328150 | E5: 329267
A6: 05/02/2026 | B6: =E5 -> 329267 | C6: 330492 | D6: =C6 -> 330492 | E6: 331568
A7: 06/02/2026 | B7: =E6 -> 331568 | C7: 331617 | D7: =C7 -> 331617 | E7: 332640
A8: 07/02/2026 | B8: =E7 -> 332640 | C8: 333682 | D8: =C8 -> 333682 | E8: 333733
A9: 08/02/2026 | B9: =E8 -> 333733 | C9: 333738 | D9: =C9 -> 333738 | E9: 334603
A10: 09/02/2026 | B10: =E9 -> 334603 | C10: 334672 | D10: =C10 -> 334672 | E10: 334743
A11: 10/02/2026 | B11: =E10 -> 334743 | C11: 335813 | D11: =C11 -> 335813 | E11: 336862
A12: 11/02/2026 | B12: =E11 -> 336862 | C12: 336862 | D12: =C12 -> 336862 | E12: 336862
A13: 12/02/2026 | B13: =E12 -> 336862 | C13: 337069 | D13: =C13 -> 337069 | E13: 338720
A14: 13/02/2026 | B14: =E13 -> 338720 | C14: 339045 | D14: =C14 -> 339045 | E14: 340236
... A29: 28/02/2026 | B29: =E28 -> 356895 | C29: 355020 | D29: =C29 -> 355020 | E29: 356620

Sheet Mar-26
A1: Date | B1: Morning | C1: Noon | D1: Evening | E1: Night
A2: 01/03/2026 | B2: ='Feb-26'!E29 -> 356620 | C2: 356632 | D2: =C2 -> 356632 | E2: 357012
A3: 02/03/2026 | B3: =E2 -> 357012 | C3: 357065 | D3: =C3 -> 357065 | E3: 359025
A4: 03/03/2026 | B4: =E3 -> 359025 | C4: 359213 | D4: =C4 -> 359213 | E4: 361080
A5: 04/03/2026 | B5: =E4 -> 361080 | C5: 361149 | D5: =C5 -> 361149 | E5: 362757
A6: 05/03/2026 | B6: =E5 -> 362757 | C6: 363150 | D6: =C6 -> 363150 | E6: 364181
A7: 06/03/2026 | B7: =E6 -> 364181 | C7: 364259 | D7: =C7 -> 364259 | E7: 365398
A8: 07/03/2026 | B8: =E7 -> 365398 | C8: 365549 | D8: =C8 -> 365549 | E8: 366805
A9: 08/03/2026 | B9: =E8 -> 366805 | C9: 366881 | D9: =C9 -> 366881 | E9: 368264
A10: 09/03/2026 | B10: =E9 -> 368264 | C10: 368326 | D10: =C10 -> 368326 | E10: 369720
A11: 10/03/2026 | B11: =E10 -> 369720 | C11: 369965 | D11: =C11 -> 369965 | E11: 371558
A12: 11/03/2026 | B12: =E11 -> 371558 | C12: 371790 | D12: =C12 -> 371790 | E12: 373386
A13: 12/03/2026 | B13: =E12 -> 373386 | C13: 373433 | D13: =C13 -> 373433 | E13: 375019
A14: 13/03/2026 | B14: =E13 -> 375019 | C14: 375074 | D14: =C14 -> 375074 | E14: 376519
... A30: 30/03/2026 | B30: =E29 -> 392390 | C30: 392416 | D30: =C30 -> 392416 | E30: 393902

Sheet Apr-26
A1: Date | B1: Morning | C1: Noon | D1: Evening | E1: Night
A2: 01/04/2026 | B2: ='Mar-26'!E30 -> 393902 | C2: 393984 | D2: =C2 -> 393984 | E2: 395117
A3: 02/04/2026 | B3: =E2 -> 395117 | C3: 395151 | D3: =C3 -> 395151 | E3: 395715
A4: 03/04/2026 | B4: =E3 -> 395715 | C4: 395788 | D4: =C4 -> 395788 | E4: 395788
A5: 04/04/2026 | B5: =E4 -> 395788 | C5: 395828 | D5: =C5 -> 395828 | E5: 397316
A6: 05/04/2026 | B6: =E5 -> 397316 | C6: 397388 | D6: =C6 -> 397388 | E6: 398638
A7: 06/04/2026 | B7: =E6 -> 398638 | C7: 398722 | D7: =C7 -> 398722 | E7: 400096
A8: 07/04/2026 | B8: =E7 -> 400096 | C8: 400175 | D8: =C8 -> 400175 | E8: 400175
A9: 08/04/2026 | B9: =E8 -> 400175 | C9: 400378 | D9: =C9 -> 400378 | E9: 400415
A10: 09/04/2026 | B10: =E9 -> 400415 | C10: 400978 | D10: =C10 -> 400978 | E10: 402190
A11: 10/04/2026 | B11: =E10 -> 402190 | C11: 402316 | D11: =C11 -> 402316 | E11: 403529
A12: 11/04/2026 | B12: =E11 -> 403529 | C12: 403608 | D12: =C12 -> 403608 | E12: 405111
A13: 12/04/2026 | B13: =E12 -> 405111 | C13: 405264 | D13: =C13 -> 405264 | E13: 406508
A14: 13/04/2026 | B14: =E13 -> 406508 | C14: 406629 | D14: =C14 -> 406629 | E14: 408340
... A28: 27/04/2026 | B28: =E27 -> 429863 | C28: 430629 | D28: =C28 -> 430629 | E28: 433929
A29: 28/04/2026 | B29: =E28 -> 433929 | D29: =C29 -> 0
